{
    "gpt": 0.0027445535490435583,
    "ml": 0.14494190175991414,
    "xgboost": 0.0,
    "rl": 0.14494190175991414,
    "lstm": 0.10048701506383544,
    "arima": 0.14346708892870888,
    "prophet": 0.2912639233938687,
    "transformer": 0.06289330309468906,
    "bitcoin_forecast": 0.10926031245002603
}