{
  "gpt": 0.046018722559366336,
  "ml": 0.046018722559366336,
  "xgboost": 0.046018722559366336,
  "rl": 0.046018722559366336,
  "lstm": 0.046018722559366336,
  "arima": 0.6778689420844356,
  "prophet": 0.046018722559366336,
  "transformer": 0.046018722559366336
}