{
    "gpt": 0.00891657004688945,
    "ml": 0.18246467911523678,
    "xgboost": 0.18246467911523678,
    "rl": 0.033850012953489175,
    "lstm": 0.18246467911523678,
    "arima": 0.21845813049178472,
    "prophet": 0.18246467911523678,
    "transformer": 0.00891657004688945
}