{
  "accuracies": {
    "gpt": {
      "correct": 20,
      "total": 43,
      "accuracy": 0.46511627906976744
    },
    "ml": {
      "correct": 33,
      "total": 43,
      "accuracy": 0.7674418604651163
    },
    "xgboost": {
      "correct": 33,
      "total": 43,
      "accuracy": 0.7674418604651163
    },
    "rl": {
      "correct": 18,
      "total": 43,
      "accuracy": 0.4186046511627907
    },
    "lstm": {
      "correct": 38,
      "total": 43,
      "accuracy": 0.8837209302325582
    },
    "arima": {
      "correct": 33,
      "total": 43,
      "accuracy": 0.7674418604651163
    },
    "prophet": {
      "correct": 33,
      "total": 43,
      "accuracy": 0.7674418604651163
    },
    "transformer": {
      "correct": 10,
      "total": 43,
      "accuracy": 0.23255813953488372
    }
  }
}